标题,链接,发布时间
重要！深大2025级专业分流工作开启！有这些专业可以选『深大荔知』,https://mp.weixin.qq.com/s/c0o78hnTYvZqDlCYIf5mgg,2026-03-30 15:02:36
你们知道我这五年是怎么过的吗,https://mp.weixin.qq.com/s/HiqKEN12zZsq2xT_-TApIw,2026-03-30 12:27:46
数据显示，优秀积淀在“日常习惯”里,https://mp.weixin.qq.com/s/eV21-NifdT1Vpd2GPVY6pg,2026-03-29 14:01:48
已公布！🤫深🤫圳🤫大🤫学🤫性调查报告来了！,https://mp.weixin.qq.com/s/R8xxUk6ltRgMcqomoPVuDA,2026-03-29 10:30:00
仅剩最后一天！深大人注意啦！,https://mp.weixin.qq.com/s/vPMeNPGxQlYZeoHihJYRxA,2026-03-28 16:14:22
深大禁止学生玩的几款游戏,https://mp.weixin.qq.com/s/jYoFjCTUv89rySIFW72CpQ,2026-03-28 10:30:00
恭喜！深大这些宿舍马上换新家具！『深大荔知』,https://mp.weixin.qq.com/s/Ed0N_gPXBnYG3a62n5F9uw,2026-03-27 16:23:31
荔园拾光 | 和你交换一个春天 🌱,https://mp.weixin.qq.com/s/v0bp793wUg-wkEK6uxTF3g,2026-03-27 14:09:28
Token，为什么应该翻译成「深大」,https://mp.weixin.qq.com/s/9NYQkzsrymiyOtcom7n7Wg,2026-03-27 14:00:00
距离深大暑假还有16周，本周重点情报,https://mp.weixin.qq.com/s/qWkvSND_Px9Dh9hrVlt5jA,2026-03-27 10:37:48
深大人注意！以为是上火牙疼？可能已是牙周炎！,https://mp.weixin.qq.com/s/p-oSc-bOT_3hvtHcIR5Ecw,2026-03-27 08:01:00
🔥深大雅思校内班，最后1️⃣天,https://mp.weixin.qq.com/s/qITmBUETNpCK0nNvEaO4ZQ,2026-03-26 16:36:49
好热啊！深圳官宣已入夏，深大泳池什么时候可以游泳？『深大荔知』,https://mp.weixin.qq.com/s/3vk_YmSgYt99KS_fx2Itvg,2026-03-26 16:04:41
生活给你开了一扇窗，发现是……,https://mp.weixin.qq.com/s/0lrBrP7CrVKp2JogIr0h8A,2026-03-26 12:24:36
深大，你怎么没被邀请送甘蔗！,https://mp.weixin.qq.com/s/BbWatAfW16P42xc-SjG1dw,2026-03-26 10:56:52
在深大找对象只需要3分钟......,https://mp.weixin.qq.com/s/nAC75KdVWtXvKqO7CmVOdg,2026-03-26 10:24:52
深大人速冲！刘晓庆《风华绝代》登陆深圳，周末剧场见,https://mp.weixin.qq.com/s/M3r_7EVpRAHuBeopq3ZW-Q,2026-03-26 07:03:51
免费观影！100位先到先得！深大邀您共赏《得闲谨制》,https://mp.weixin.qq.com/s/eWjbKafJPbaxdeQTGJIuSA,2026-03-26 04:36:43
哦豁！深大荔枝“大减产”？2026年还能吃上吗？『深大荔知』,https://mp.weixin.qq.com/s/1__QJTcI0ivFJpRyFuEUSQ,2026-03-25 16:36:05
赢麻了！深大两门学科进入世界前200！,https://mp.weixin.qq.com/s/M3zfeaQhiBG-FtvrLnQyoA,2026-03-25 12:49:54
深大校内配置的59个AED，你知道都在哪里吗？,https://mp.weixin.qq.com/s/pKyfcscFKFQx1vN8GXFVLw,2026-03-25 12:42:11
周六出发！深大校门口直达西涌沙滩！,https://mp.weixin.qq.com/s/wfbn4UvIBqws-AmvaEmVOA,2026-03-25 10:59:01
深大人交学费更方便啦，手机端学杂费缴费功能上线『深大荔知』,https://mp.weixin.qq.com/s/yYjs71kyhCQbs06I81lkjA,2026-03-25 10:12:25
张雪峰去世，终年41岁：他曾这样评价深大,https://mp.weixin.qq.com/s/yn1xbQ9wuD_TEYWoek7XgA,2026-03-25 03:41:24
张雪峰老师逝世！曾推荐报考深大！,https://mp.weixin.qq.com/s/KS0YrJRS5hg33ok7dx0R_Q,2026-03-25 03:40:26
深大最新消息：丽湖校区2026级全日制研究生统一安排在校外住宿！『深大荔知』,https://mp.weixin.qq.com/s/w0H6ZE0ihHGcaH2UMIOpbQ,2026-03-24 15:37:15
恭喜深大曾茜同学，获得3380元现金大奖！！,https://mp.weixin.qq.com/s/M43Jogxx0d8UW0agO7BXEw,2026-03-24 14:00:23
深大“治愈系”打卡地 你去了吗,https://mp.weixin.qq.com/s/v58uOQ6Wu_m-nDWKK0udpA,2026-03-24 12:36:21
深大26级丽湖研究生将住校外宿舍？,https://mp.weixin.qq.com/s/3i9xQIC_ihfc81HH4Ugh0g,2026-03-24 09:18:47
深大第一王昭君！,https://mp.weixin.qq.com/s/5-gwVA38s_teHk51lQCtPA,2026-03-24 07:39:02
必修！深大人还有这门课要选！这学期轮到全体2024级主选！『深大荔知』,https://mp.weixin.qq.com/s/GuXaPe_vNX5Mrk2qCjhdPw,2026-03-23 15:41:42
从深大到陆丰，TA们用两年多改变了什么？,https://mp.weixin.qq.com/s/Mgt6Uw9Of7gsM4Xq4mU5ZQ,2026-03-23 11:50:33
深大-牛津剑桥哥大宾大offer，怎么样才能申上顶级名校？,https://mp.weixin.qq.com/s/busBYC33rhI6ZhWs5HqJbg,2026-03-23 10:00:00
好消息！深大打钱了！,https://mp.weixin.qq.com/s/JNXcoQJy1KAwKhxF7j3Hcg,2026-03-23 05:22:28
深大2026届毕业礼物开始设计！猜猜今年会是……？,https://mp.weixin.qq.com/s/Nkvnxu99WlEUUvCoP71RFg,2026-03-23 04:29:15
还剩最后一周！深大人注意啦！,https://mp.weixin.qq.com/s/jOCqmHnY2it37kZNqEVuYg,2026-03-22 16:49:37
在深大，如何追各学院的妹子？,https://mp.weixin.qq.com/s/VfaEhfR5IyGJYUeP9DxuCg,2026-03-22 11:50:47
深大人赚钱秘籍，最新兼职信息（2026.3.21）,https://mp.weixin.qq.com/s/4qmqWkePRwyEqoodaHdYZw,2026-03-21 16:50:18
就在深大附近！王鹤棣&影视飓风Tim要来深圳南山啦！『深大荔知』,https://mp.weixin.qq.com/s/3EGy5O8tXI3VX3oRhi9kmA,2026-03-21 16:22:24
深大2026荔枝预警 | 今年荔枝要减产！,https://mp.weixin.qq.com/s/wHGxZaDQz_Q7ksATxdY6RQ,2026-03-21 14:53:47
捞人！深大考试君招在校生小编啦！,https://mp.weixin.qq.com/s/Lka9Bilj8xsephvALPdxgw,2026-03-21 05:00:00
假如有一个全能AI，你最想让它干啥？,https://mp.weixin.qq.com/s/AEVZSNRaeuck7J_e11nzqA,2026-03-20 15:27:28
深大土木就业如何？近十年薪酬数据大公开！,https://mp.weixin.qq.com/s/hhJglwlQaNnYxn33DnwHIQ,2026-03-20 14:04:11
社科新型智库，深大+3,https://mp.weixin.qq.com/s/PCc8w7nqgX2iHQ4EYjQXHQ,2026-03-20 10:37:23
深大放假停课通知！篮球观赛、快闪活动，别错过这些消息~,https://mp.weixin.qq.com/s/aiTGgCIJCXHiEb0SrOLmzA,2026-03-20 10:00:52
最懂深大的留学工作室，深大申上牛津剑桥哥大宾大，我们是怎么做到的？,https://mp.weixin.qq.com/s/haBPQ0abCFYFAIfSqtppkQ,2026-03-20 10:00:00
深大网红的朋友圈大公开！,https://mp.weixin.qq.com/s/ao3MUXA5BAFbrDHVPPPEJQ,2026-03-19 14:39:58
45度的青春，不偏不倚,https://mp.weixin.qq.com/s/Hr-DVmbpmwLdmZE9E9bmeQ,2026-03-19 12:56:39
停课3天！深大清明节放假安排出炉！,https://mp.weixin.qq.com/s/kBBXgOsZxWVJOhYGHn96eA,2026-03-19 12:12:20
深大×腾讯龙虾现场直击！今天这里挤爆了！,https://mp.weixin.qq.com/s/n6KyhRihQkzgafL5FvFBtA,2026-03-19 11:17:55
最后7天！深大校内学雅思，立省300元的机会要没了！,https://mp.weixin.qq.com/s/e9IqM7WefTjwgiRw_zFVjw,2026-03-19 11:17:07
深大最新通知：放假3天！『深大荔知』,https://mp.weixin.qq.com/s/XulqTdGKeK-bhEChn7nIqw,2026-03-19 05:27:24
深大的同学们！！快来测测你的成绩能申请哪所院校？,https://mp.weixin.qq.com/s/QPARnlCNNQOhinsTRVBmlA,2026-03-19 05:00:00
深圳最新家教单汇总！180-190/h！,https://mp.weixin.qq.com/s/7nMBmt-6exXs8Sd1ZgLZsg,2026-03-18 14:00:00
原来在深大上学的感觉比恋爱好,https://mp.weixin.qq.com/s/eDR4df5EBs1T3c5f31lCHA,2026-03-18 14:00:00
▶️知识传输中▪️▪️▪️▫️▫️▫️▫️▫️,https://mp.weixin.qq.com/s/DlabimMk8xcXG-fee14siw,2026-03-18 11:35:06
最新国际形势，对深大人的第一个影响来了！『深大荔知』,https://mp.weixin.qq.com/s/Ldh8LZP4GEEXi_8Ly2lYzw,2026-03-18 11:09:57
深大26年预算出炉：70.52亿！奖助学金预算有2.85亿元！你领到了吗？,https://mp.weixin.qq.com/s/61zE1LOZ27yWjMoaoY4W-A,2026-03-18 11:02:34
2026年大涨！深大近三年考研复试线对比！,https://mp.weixin.qq.com/s/KU2fZ8y2a03cXZcV3kb9vQ,2026-03-18 10:14:29
什么？深大人学车居然能免费？！,https://mp.weixin.qq.com/s/p_EBga3EWYovxSZuvX4CkQ,2026-03-18 05:00:00
这周四！腾讯龙虾巡游深大，可以报名啦！,https://mp.weixin.qq.com/s/B7tPJAF9yCXiSKvk_xrShg,2026-03-17 13:15:10
深圳大学2026年硕士研究生招生复试分数线及录取办法发布,https://mp.weixin.qq.com/s/rVSruxms7QT1g9mSzoEClg,2026-03-17 12:35:00
深大开学季｜别等大三才慌！开学就定保研 / 留学路线,https://mp.weixin.qq.com/s/9ybzgbAj0Q6OvzYGqkQcPg,2026-03-17 11:04:16
深大毕业生现状第七期｜深大电科学长上岸腾讯后台开发：踏出第一步最重要,https://mp.weixin.qq.com/s/WmqnfsxcHWreAp_6Ra-XMA,2026-03-17 10:00:00
深圳大学生家教兼职单，一天520元,https://mp.weixin.qq.com/s/mquYxVbxpco8jVCarsvRBA,2026-03-17 04:27:52
强烈建议深大放春假10天，谁支持谁反对？,https://mp.weixin.qq.com/s/ecYIkPwCHsq4bdTUXQXlSw,2026-03-17 04:27:52
70.528亿！深圳大学2026年预算出炉！『深大荔知』,https://mp.weixin.qq.com/s/muBV9gpNIMoNYsDdiRdCbg,2026-03-16 15:48:50
感觉春天tree tree的,https://mp.weixin.qq.com/s/-mK441huWpIYtfESxdRuFw,2026-03-16 13:19:18
如何追深大各学院的男生？,https://mp.weixin.qq.com/s/UykUQKYgdxXmGi4jCQ6hUQ,2026-03-16 12:26:46
恭喜深大人！麦门自由！,https://mp.weixin.qq.com/s/vJrMDHAxEreqnrjjsiWm6w,2026-03-16 10:35:26
深大新学期这些课停课了！注意不要跑空！,https://mp.weixin.qq.com/s/JI04zAl9V2GvJ-Mae3sSfg,2026-03-16 06:34:04
深大停课通知！,https://mp.weixin.qq.com/s/c0BbdLExIsboE_AzVqQ_Bw,2026-03-16 05:09:45
影响奖学金！深大体质健康测试【补测】通知出炉！这些人需要补测！『深大荔知』,https://mp.weixin.qq.com/s/xs4rdUVa0O8VnUve2jCfDw,2026-03-16 03:58:56
深大体测补测通知出了！这些同学需要参加！,https://mp.weixin.qq.com/s/60K4Jx-U7RUCCOl54Y5Osw,2026-03-16 02:45:45
深圳大学2026年度校花惊艳亮相！优雅美照抢先看~,https://mp.weixin.qq.com/s/6IrNdG_gaIC6PRRG18Qj1g,2026-03-15 14:00:00
开学第一周，我发现室友变了！不是谈恋爱，而是干了这件事,https://mp.weixin.qq.com/s/IAs1z3np2lPR6ZLe6Eb0vA,2026-03-15 13:45:20
开学第一周，我发现室友变了！不是谈恋爱，而是干了这件事,https://mp.weixin.qq.com/s/uI3PJYXxXGFsARmjgB9vEg,2026-03-15 13:00:00
🦞下周四，腾讯“龙虾”全国巡装来深圳大学啦！『深大荔知』,https://mp.weixin.qq.com/s/ccfYKEWIdX7fc70Cskbu-w,2026-03-15 08:13:23
深大人刚开学就有个坏消息！,https://mp.weixin.qq.com/s/INVhu95Wn_4j2bUvbBdMBA,2026-03-15 07:55:00
停水提醒！深大今晚这些楼宇临时停水『深大荔知』,https://mp.weixin.qq.com/s/BQUV7A8PiLzczQ-YLgAY_A,2026-03-14 11:37:19
在深圳，A9也找不到对象,https://mp.weixin.qq.com/s/bT6yFUoRCdxQeacdFkp7FA,2026-03-14 04:00:00
别等到涨价才后悔：深大春季雅思校内班最后优惠期，错过就是原价！,https://mp.weixin.qq.com/s/UrIcBYFtB7w9M02pnLLgJA,2026-03-13 10:32:00
“销冠”竟在我身边,https://mp.weixin.qq.com/s/lepvIzTZhUOHuQ_tuvmnPA,2026-03-13 08:34:55
😭深大的荔枝今年预计大幅减产,https://mp.weixin.qq.com/s/1b0WqzJMGAu7EL-tdOu51w,2026-03-13 04:19:36
即将截止！深大人注意啦！,https://mp.weixin.qq.com/s/mkB6WEwbumaME6ZPpe0OaQ,2026-03-12 15:30:55
考试君招全职啦，深大同学看过来！,https://mp.weixin.qq.com/s/U61TA5JPn4HWPXv9jIVorw,2026-03-12 10:00:00
深大人：“我的游泳课老师竟是奥运冠军！”『深大荔知』,https://mp.weixin.qq.com/s/OpY5NserZv0xWmxsyIujLA,2026-03-12 06:12:14
注意！深大人这项优惠即将结束,https://mp.weixin.qq.com/s/N64widdvUmPEYaSlCLPZLw,2026-03-12 05:00:00
🌳比较有“树张力”的一集,https://mp.weixin.qq.com/s/lKpF0zKVLNG86kbuzBkpYQ,2026-03-12 01:35:55
深大南区赢麻了！ 麦当劳将进驻！『深大荔知』,https://mp.weixin.qq.com/s/0MVbcVVyTsPPqRZ8vPOr1Q,2026-03-11 16:09:40
深圳大学部署树立和践行正确政绩观学习教育工作,https://mp.weixin.qq.com/s/pDQWTqjMDWQ6wx9Ou-cc1A,2026-03-11 05:03:09
陪伴深大人16年的老店，请你免费吃喝整个月！,https://mp.weixin.qq.com/s/vZqyh_Kz_W7k2ETj1iP_xA,2026-03-11 04:06:46
迎着春光，开启新一章~,https://mp.weixin.qq.com/s/9uCS_j4ILpWySoESIzlTfA,2026-03-10 13:15:17
名额有限，先到先得！今年大一也报名！四六级报名通知,https://mp.weixin.qq.com/s/UCEmL33smtPZD1OLfsk6kQ,2026-03-10 05:33:10
深大四六级报名通知发布！大一也能报，名额要抢！,https://mp.weixin.qq.com/s/MqC0CTsGGXW7zB0LmBwzOg,2026-03-10 05:09:20
名额先到先得！深大四六级报名通知出炉！大一也能报！『深大荔知』,https://mp.weixin.qq.com/s/4oTjzBahd92CANqmUQmVpw,2026-03-10 04:53:49
跟深大人说个好消息！这家特价商城开始营业！,https://mp.weixin.qq.com/s/tXJSlG969pJRSNnjVDOMgQ,2026-03-09 14:31:09
为什么朋友圈里，别人都比我过得好,https://mp.weixin.qq.com/s/37bJ1GGXEZS534bjLmiMqw,2026-03-09 12:42:08
收入10w！深大学长是怎么实现生活费自由的？,https://mp.weixin.qq.com/s/vxc9AiGx8wUDNLwpn1uKUA,2026-03-09 04:36:53
深大专业分流将开始！怎么选才不后悔？,https://mp.weixin.qq.com/s/5wzJkXRlsZe5KLVGVlg0-g,2026-03-09 04:36:53
深大正式上课啦！恭喜这些同学不用去！,https://mp.weixin.qq.com/s/t9DVbDv8yStUgW9VtyqWJw,2026-03-08 15:00:00
今天和每一天，你都很重要❤️,https://mp.weixin.qq.com/s/GSnlq1GDBsxYsA2_6filuA,2026-03-08 03:05:51
科二改革倒计时！深大还没考驾照的同学注意啦,https://mp.weixin.qq.com/s/wtXYO-DtuCk700ueupFs2A,2026-03-07 13:37:20
深大真实薪酬调查：感谢时代的馈赠，早点确定保研/申请/本科就业,https://mp.weixin.qq.com/s/Ho18AvdaLG77xmircRJP1A,2026-03-07 13:37:20
深圳大学师生热议2026年全国两会,https://mp.weixin.qq.com/s/qwkvUk3pF2VlBy4tgIH9TQ,2026-03-06 11:36:24
深大雅思春季班：新学期雅思Flag，校内上课省时高效，早鸟限时5天！,https://mp.weixin.qq.com/s/QPSECWV5EMreDjHNsXunWA,2026-03-06 09:49:51
深大开始抢课！5000+条选课评价助力选好课、附加位流程！,https://mp.weixin.qq.com/s/zpaY2v-aotPzfr0SLmy7Cw,2026-03-06 02:00:00
左滑充电🔋,https://mp.weixin.qq.com/s/wIfJqVx1Wcx76J4g_y294g,2026-03-05 10:52:56
深大人返校第一天，大家都在问这个问题？『深大荔知』,https://mp.weixin.qq.com/s/SXVlrt_B8fCCMQQwbkMBSA,2026-03-05 09:10:26
深大同学注意啦，毕业前记得把这件事完成！,https://mp.weixin.qq.com/s/Uc_drTAqk7oVtIf4HfAiQw,2026-03-05 04:11:45
深大新学期教材发放通知出了！来闲置集市便宜买卖~,https://mp.weixin.qq.com/s/U2gBU6tkROsV_W0zOZ_A1g,2026-03-05 04:11:45
开学季不要忘记做这一件事情，即将改革！,https://mp.weixin.qq.com/s/xTTlBmb2KkarLgAHn7u-tw,2026-03-05 03:40:00
新学期，我们一起“大荔出骐骥”！,https://mp.weixin.qq.com/s/om36s1ik_9l0o-VrP9dWxQ,2026-03-04 15:18:00
深大新学期自修教室安排，这些地方能自习,https://mp.weixin.qq.com/s/_ukq2Qpb-QGai_IpdKI_DQ,2026-03-04 11:09:00
深圳大学研究生选课指引（2025-2026学年第二学期）有更新『深大荔知』,https://mp.weixin.qq.com/s/p9BOB9obUoNXy7Jt7nhC8g,2026-03-04 07:31:10
回学校到宿舍发现没电没网了？记得提前把这件事做好！,https://mp.weixin.qq.com/s/94YG9UCdm1kJSXlrAa9Pbw,2026-03-04 05:25:48
深大人注意！开学前记得检查这件事！『深大荔知』,https://mp.weixin.qq.com/s/rUo74y3Hl6O3Noc5H-lyCQ,2026-03-04 03:46:23
深大单身男女名单及联系方式（2026元宵节版）.xls,https://mp.weixin.qq.com/s/l6D7oXy2-zUL4knrb2ztqw,2026-03-03 14:40:45
上元佳节，宜在深大欢聚~,https://mp.weixin.qq.com/s/gCxc65DG-SaS-l8hFNzLog,2026-03-03 09:35:30
他把深大写进了歌词里，想让我们听听...『深大荔知』,https://mp.weixin.qq.com/s/jSAifF4iMQEG-UfFZfYyOQ,2026-03-02 15:46:55
深大团队给细胞世界装上“超清摄像机”，探寻肿瘤病因,https://mp.weixin.qq.com/s/wPNZOgK_d3ByQpO7T3j_eA,2026-03-02 09:05:05
最新消息，深圳大学文山湖酒店真的要来啦！『深大荔知』,https://mp.weixin.qq.com/s/JWQzQew5bfOVXlvxIetqRA,2026-03-02 08:59:08
新学期想找个NPY？2026深大元宵节【愿望墙】开启，限时5天！『深大荔知』,https://mp.weixin.qq.com/s/Y3QxhjyC1JqemRASZTH5Ig,2026-03-01 15:52:47
深圳大学2026年元宵市集活动期间实行交通管制的通知『深大荔知』,https://mp.weixin.qq.com/s/doNhMBj01yGhas2yCzVqwg,2026-03-01 05:30:49
我知道，今年深大元宵市集也很曼妙~,https://mp.weixin.qq.com/s/3uQsG5SRlpLMm_pNWbOxuQ,2026-03-01 02:05:22
下周二记得返校！深圳大学2026年元宵市集活动​最新消息『深大荔知』,https://mp.weixin.qq.com/s/AeIqXs4VEQgkUWuC1MONcw,2026-02-28 15:51:59
定了！28日10:00起可查分,https://mp.weixin.qq.com/s/9ss7T10OtQ8pUNO3C-MUYg,2026-02-28 00:17:57
深大2026考研成绩今天公布！,https://mp.weixin.qq.com/s/GDHmhu9O-5Bx7uWPTNBZ7A,2026-02-27 16:14:59
深切缅怀著名法学家、“人民教育家”、深大法律系首任系主任高铭暄先生,https://mp.weixin.qq.com/s/tHzEgLoThGu6WoX5Kk5yOw,2026-02-27 03:07:25
记得存够钱！深大今天开始批扣学杂费！,https://mp.weixin.qq.com/s/RY7XO1Md4A3uBW9w-rHakQ,2026-02-24 05:30:01
深大什么时候开学啊？,https://mp.weixin.qq.com/s/EYYRITE2oqve4woLcYdkog,2026-02-23 15:57:16
是哪些人能收超1万元红包？深大人2026红包调查进行中！,https://mp.weixin.qq.com/s/GCsh6IzxmAFiOi4qQizMxg,2026-02-22 15:59:10
突击检查：深大人，2026年领了多少红包？『深大荔知』,https://mp.weixin.qq.com/s/ukU_uBt73cY_-7o-vCgPCw,2026-02-21 09:09:16
除了宿舍楼下！深大情侣，又多一个适合谈恋爱的地方！『深大荔知』,https://mp.weixin.qq.com/s/jiKkGn6lWFW2awx0Z8C9PQ,2026-02-20 15:13:44
深大人问，能不能提前返校？,https://mp.weixin.qq.com/s/_vzD4EoKIX6k1XynLsflYw,2026-02-19 15:53:30
深大2026寒假信息差汇总,https://mp.weixin.qq.com/s/kk-W_W_x1YN4GQj6Fv4t0w,2026-02-18 15:41:02
聊一聊：深大人2026春节档电影看了吗？快来聊聊『深大荔知』,https://mp.weixin.qq.com/s/8-fXNoizSFHydY_sWrdNNg,2026-02-17 15:53:20
深大除夕，发寒假留校慰问金啦！,https://mp.weixin.qq.com/s/pYtnsRQwpZUlkz52gMqnpA,2026-02-16 06:11:09
2026深大寒假留校过年的同学，也太幸福了吧！『深大荔知』,https://mp.weixin.qq.com/s/8LcbLaGqTdnJdy4Zp5ca-Q,2026-02-15 15:09:35
深大人毕业后，都过得怎样？『深大荔知』,https://mp.weixin.qq.com/s/94LDX5wCfSmimO58ANDvbg,2026-02-14 15:17:29
2026最新版：深大单身男女名单及联系方式.xls,https://mp.weixin.qq.com/s/okVARGeF-VcHg0QtRjeXIg,2026-02-13 14:39:50
2026深大人首个脱单机会！【愿望墙】情人节专场开启！『深大荔知』,https://mp.weixin.qq.com/s/tZfeCNGOzYZoVsR4doSfLQ,2026-02-12 15:43:29
深大下学期学杂费可以查询,https://mp.weixin.qq.com/s/zunf-i7XVO5RKGzAgUPVng,2026-02-11 07:11:32
有人说，深大就像是一个加油站....『深大荔知』,https://mp.weixin.qq.com/s/9LO9SpnhfA7bzzlMbjOcHQ,2026-02-10 15:35:28
深大人寒假挣钱，最新兼职信息汇总（2026.2.9）,https://mp.weixin.qq.com/s/4AD1EQg4sukHlsVSboxeKw,2026-02-09 14:48:11
深圳：支持深圳大学“双一流”建设,https://mp.weixin.qq.com/s/q0UQXdvb1kprUA0zrGY8_A,2026-02-09 03:03:39
2026深大事盘点：南区宿舍将装修、换家具、换电梯『深大荔知』,https://mp.weixin.qq.com/s/RjeLLqJwoHKwC0TzjR2Dqg,2026-02-07 16:00:12
2026深大事盘点：管、法大一新生迁回丽湖,https://mp.weixin.qq.com/s/4jB6MMfkj_xAVt2fRgQ8fA,2026-02-06 15:52:26
深大还有28天就开学啦,https://mp.weixin.qq.com/s/608LU7N-OtR6Y5Nd2ziLFw,2026-02-05 15:59:24
深大人寒假挣钱，最新【兼职信息汇总】（2026.2.5）,https://mp.weixin.qq.com/s/b1s4e8EeGL6pAJRBwmcudQ,2026-02-05 14:44:29
最新！深大人注意！今天有课可以抢！“高校课程互选、学分互认”选课通知『深大荔知』,https://mp.weixin.qq.com/s/OsKQqhGVxQQDAFHWNE8gqQ,2026-02-04 07:15:38
《深大帮帮君2025年度总结》,https://mp.weixin.qq.com/s/rd7n-Ps0k-B2v_1BqenWiQ,2026-02-04 03:43:50
聊一聊：深大人2026新年第一个红包，你领了多少？『深大荔知』,https://mp.weixin.qq.com/s/QInhoLGvjYiw-j4jvBQXIQ,2026-02-03 15:57:51
"考试安排已出！
申请缓考或要补考的同学注意啦！
帮帮君公众号后台回复【考场】
即可快速查看考场信息
不要错过考试喔-",https://mp.weixin.qq.com/s/Rao59kTXkRLVJMYOJcezEw,2026-02-02 07:59:07
深大缓考（补考）考场安排出炉！,https://mp.weixin.qq.com/s/z_AW6vI0iTenIzVXs5JzMw,2026-02-02 07:20:37
看完开心放寒假！2026深大寒假通知汇总！『深大荔知』,https://mp.weixin.qq.com/s/H-CsFZwgqfwH12COkhqAfw,2026-02-01 14:38:39
断电提醒！深大寒假留校的同学注意！,https://mp.weixin.qq.com/s/A3Qc5Vo4z30zGqW7m7zY2A,2026-02-01 13:55:54
腾讯元宝撒钱啦！最高1w现金红包！,https://mp.weixin.qq.com/s/6cBxBZ8Hg2uENnw6xAbXsQ,2026-02-01 03:27:33
你好，二月！,https://mp.weixin.qq.com/s/Gjtx6ZRzUylakePs7no7dw,2026-01-31 16:01:55
【留校】or【提前回校】的深大er注意！深大餐厅营业安排！,https://mp.weixin.qq.com/s/kPMKLfMKSsqahDkiz9WmQQ,2026-01-31 13:20:01
聊一聊：深大人寒假歌单，你最近循环的歌曲是什么？『深大荔知』,https://mp.weixin.qq.com/s/5eGd5eBFrlFyuypaew8Xag,2026-01-30 15:42:39
快捷通道已开启！深大第二轮选课结果已出！,https://mp.weixin.qq.com/s/nPuJGiI4bSen5xyBcqro8w,2026-01-30 08:36:27
最新，深大“公益之星”奖学金评选细节有变动！以后按这个评选！『深大荔知』,https://mp.weixin.qq.com/s/sPvFXcNtKYoA0bZMV8R_fg,2026-01-29 15:16:35
深圳中小学寒假开启，想找深大在校生一对一辅 导？攻略在这里！『荔知家教』,https://mp.weixin.qq.com/s/0jUzhcB1Zuf6-S9QHW0Sfg,2026-01-28 11:09:10
冰箱、洗衣机、电煮锅，宿舍内吸烟！2026深大宿舍检查违规典型通报！『深大荔知』,https://mp.weixin.qq.com/s/bb5XZZw4upVbhvU9hArMmg,2026-01-27 12:24:38
注意！深大这些地方临时停电！电梯停用！,https://mp.weixin.qq.com/s/03MZGWWDFuJY-o9-Ejy8rg,2026-01-27 05:57:20
2026深大寒假期间【图书馆】开放安排『深大荔知』,https://mp.weixin.qq.com/s/4NJU8exqbf8-wdyWMuvaCA,2026-01-26 15:59:00
2026深大寒假【粤海校区荔园小巴】运营安排『深大荔知』,https://mp.weixin.qq.com/s/cnwhPAvWkN8vuIPCwLQh2A,2026-01-26 15:37:10
注意！寒假期间校区荔园小巴运营安排,https://mp.weixin.qq.com/s/de6SCpqkhhDmcQ3lSvO9Eg,2026-01-26 05:30:11
深大这里拆了！2026，深大新地标即将全面启用！『深大荔知』,https://mp.weixin.qq.com/s/osWlop1-NYVP16GX1lJShA,2026-01-25 15:45:28
深大官宣！汇智楼（南馆）将于1月26日重启！有这些新变化！将配备AppleVisionPro...『深大荔知』,https://mp.weixin.qq.com/s/AcNgrIpoOfIgl9zHT8rNZQ,2026-01-23 08:49:01
注意！寒假期间部分楼宇电梯停用通知,https://mp.weixin.qq.com/s/KrEtXa97xIRWzb-W8x-GDQ,2026-01-23 07:00:52
通知：深大体育场馆2026年寒假期间开放安排,https://mp.weixin.qq.com/s/Yw8gJxdaGbW-ZnmQMLVKPg,2026-01-22 08:24:24
2026深大寒假【丽湖校区体育场馆】开放安排『深大荔知』,https://mp.weixin.qq.com/s/D3fZ98oE8YFDLTIczkDHuQ,2026-01-22 08:04:08
停水通知！深大这些宿舍今晚凌晨临时停水『深大荔知』,https://mp.weixin.qq.com/s/INEVHmfMyS99LeICi9WqZQ,2026-01-21 15:41:46
成绩出来后都在问的：专业分流/转专业等问题解答来啦,https://mp.weixin.qq.com/s/CaS4glrYBb9Vs8PWhJQefw,2026-01-21 11:49:51
聊一聊：求推荐，最值得去的【旅游目的地】『深大荔知』,https://mp.weixin.qq.com/s/9kqYYQp03Q_Y0J0gOGs9rA,2026-01-20 15:52:22
深大er查分后必看！测测你的绩点如何冲梦校【内附寒假大礼包】,https://mp.weixin.qq.com/s/aOT1CZbjrokuohtqJTjbSQ,2026-01-20 09:00:00
重磅！深大期末成绩已经可以查询！挂科怎么办？怎么修改成绩？『深大荔知』,https://mp.weixin.qq.com/s/NPSxI4rNEzN7nAuKl9g8KA,2026-01-19 09:54:58
紧张！刺激！,https://mp.weixin.qq.com/s/TlGxEnvq18KoFvJQXlb76A,2026-01-19 05:20:32
收藏！深大期末成绩公布后，很多人都会问这些问题，答案在这！『深大荔知』,https://mp.weixin.qq.com/s/R79AJzsS35ESfG3y6msIOw,2026-01-18 15:53:20
2026深大送春联啦，师生校友市民均可免费领『深大荔知』,https://mp.weixin.qq.com/s/Dqv2xZCZcQ1c93ULv5Tu_Q,2026-01-18 08:27:42
深大期末成绩即将公布！排名多少拿奖学金？怎么修改成绩？『深大荔知』,https://mp.weixin.qq.com/s/TFXssnzoIQvus2c9kvpqlg,2026-01-17 15:50:36
深大通知：2026寒假留校需申请！未获批准，寒假不得擅自滞留宿舍！『深大荔知』,https://mp.weixin.qq.com/s/f7xVcosL6sMPu8sQY4kmKw,2026-01-16 14:44:47
深大选课的一些提醒：,https://mp.weixin.qq.com/s/V0PBEQWo6e7ucrApIdxMLg,2026-01-15 14:02:00
深大人寒假保证书（2026版）.docx,https://mp.weixin.qq.com/s/w6wha56an_tWOgfF5Zdojw,2026-01-14 09:56:59
停水通知！深大这些宿舍周末凌晨临时停水『深大荔知』,https://mp.weixin.qq.com/s/hf8Z4M9zl_lgraS3vFtheg,2026-01-14 09:21:42
突击检查：深大人2026寒假开启，你现在在哪？『深大荔知』,https://mp.weixin.qq.com/s/STiFocZawcZIpg86p1jSaA,2026-01-13 15:37:50
深大图书馆再次提醒：将清理读者个人物品『深大荔知』,https://mp.weixin.qq.com/s/ZxiME0VZC-qCwvlouxM14g,2026-01-13 14:41:10
深大期末成绩预计下周公布！这些技巧，你最好提前知道！『深大荔知』,https://mp.weixin.qq.com/s/KK0zr_kXPxe7Aee6DzEXIA,2026-01-12 15:39:32
？？？,https://mp.weixin.qq.com/s/o1e_tOV6ZlmS511K1d4AIw,2026-01-10 15:14:42
突击检查：深大期末考试已考一周，你考完了吗？『深大荔知』,https://mp.weixin.qq.com/s/aBy-Nq3gs35Qaq39UJ4DAw,2026-01-10 13:10:52
深大热门课程排行榜出炉！你选了多少热门课程？『深大荔知』,https://mp.weixin.qq.com/s/el9PoeSiQpPZXPyVHkiSRg,2026-01-08 15:58:54
深大人考完试，要开始考虑挣钱啦！（深大人最新兼职信息汇总.260107）,https://mp.weixin.qq.com/s/CqoxH22cQFJkdSNMjYd-uw,2026-01-07 15:56:29
2026年深大又有“新”图书馆！抢先看！『深大荔知』,https://mp.weixin.qq.com/s/FmnIxrfeH8pOdNp07vw_uQ,2026-01-06 15:32:52
快告诉爸妈，深大又要交学费啦！这次要交多少？『深大荔知』,https://mp.weixin.qq.com/s/3a0jVyngLkNjNfChhPrVOQ,2026-01-05 08:43:46
深大寒假即将开启！可以留校吗？答案是...居然还有这些好处！『深大荔知』,https://mp.weixin.qq.com/s/fJ_-rjmhFfEjHiNvK6bucA,2026-01-04 15:57:09
深大学杂费缓交申请（2025-2026学年度第二学期）『深大荔知』,https://mp.weixin.qq.com/s/1Ax9ZUnPowxAkTTuX72ZIg,2026-01-04 08:14:33
深大明天开始选课，这些你最好知道,https://mp.weixin.qq.com/s/IvdRD3ym2PD4gJNGCtGl4Q,2026-01-03 15:59:30
深大下学期选课信息差,https://mp.weixin.qq.com/s/cdzeRLNDglAFCUgo5VeNTQ,2026-01-02 15:21:49
聊一聊：你好，2026！新的一年，你有什么新年目标或计划吗？『深大荔知』,https://mp.weixin.qq.com/s/n6AQKcCyVLcM1ahZ-8UDtg,2026-01-01 14:10:03
Hello 2026,https://mp.weixin.qq.com/s/d1JcSUqtzAK2aplq8TCJPQ,2025-12-31 15:59:10
深大人元旦放假前，记得先把这件事做了！『深大荔知』,https://mp.weixin.qq.com/s/Y_9NJ-zXC5J0nIvgRqmgkw,2025-12-31 09:27:24
深大人看过来！这里还有1000块没领取！『深大荔知』,https://mp.weixin.qq.com/s/epPRcQ8QIQcjsOCtPSvEJg,2025-12-30 15:49:04
深大下学期选课安排出炉！（2025-2026学年度第二学期）『深大荔知』,https://mp.weixin.qq.com/s/5h4SDPJ1PNY8T2kfKage5Q,2025-12-30 03:41:38
深大人最担心的：“马上年底了，KFC到底能不能开啊？”『深大荔知』,https://mp.weixin.qq.com/s/3OH8RNM9_SX_tphwOedkIw,2025-12-29 15:59:33
恭喜深大这条地铁开通，两校区车程缩短至19分钟！还有几条新地铁在建！『深大荔知』,https://mp.weixin.qq.com/s/giKqmGlfNwJCohY4IZD_Hw,2025-12-28 15:41:09
深大人期末复习再忙，也别忘了这个,https://mp.weixin.qq.com/s/2J6TAueB_WwXGTSj_hnm3A,2025-12-26 15:51:32
深大人最新兼职汇总 | 251226,https://mp.weixin.qq.com/s/c3OQgdOA3xJd30MtmuhRUg,2025-12-26 10:31:51
今晚深大宿舍楼下的那些人注意啦『深大荔知』,https://mp.weixin.qq.com/s/oNHHBnXcukEYuvsf-E7EaQ,2025-12-25 15:54:43
速查！深大新学期课表出炉！快看看你要上多少节早八？『深大荔知』,https://mp.weixin.qq.com/s/tpZ8UqOMkuKgENEdDVUo-Q,2025-12-25 02:05:10
速查！深大新学期课表出炉！快看看你要上几节早八？『深大荔知』,https://mp.weixin.qq.com/s/09d660ZsW2SaAniPwRr4Bw,2025-12-25 01:38:23
深大单身男女名单及联系方式 [ 2025圣诞节最新版 ] .xls,https://mp.weixin.qq.com/s/RlIQ7k0ueRZAHfALBhIQ0w,2025-12-24 14:50:22
深大人2025年最后的脱单机会！【愿望墙】圣诞节专场开启！『深大荔知』,https://mp.weixin.qq.com/s/q9ud-Fa1TPl-P1xBhUjlsA,2025-12-23 15:59:22
深大必胜客来啦！文山湖餐厅将开必胜客+KFC！西南再赢一局！『深大荔知』,https://mp.weixin.qq.com/s/n1FQ_tZCukZnsPkPMv54pQ,2025-12-22 15:59:20
聊一聊：深大人冬至该吃汤圆or饺子？『深大荔知』,https://mp.weixin.qq.com/s/xlAizozCN1O2gldg_RUj0A,2025-12-21 14:27:50
深大KFC来啦！文山湖餐厅肯德基，元旦前开业？『深大荔知』,https://mp.weixin.qq.com/s/CFqKeyZSzRs4mBJOaXyhqQ,2025-12-20 10:27:25
深大学生评教即将开启，没做不能参加预选课！『深大荔知』,https://mp.weixin.qq.com/s/1__VQYDf_mtzLCf9RexPsQ,2025-12-19 15:59:30
深大本科期末考试缓考申请（2025～2026学年第一学期）『深大荔知』,https://mp.weixin.qq.com/s/_i3ZVrB8suuj_Cs_NchUGA,2025-12-19 09:27:00
聊一聊：深大人，2025年让你收获最多的一本书是？『深大荔知』,https://mp.weixin.qq.com/s/dCC6_s9oToraV3iG7YJkoQ,2025-12-18 15:59:48
深大人最新兼职汇总 | 251218,https://mp.weixin.qq.com/s/jn9U-2j7OKllywCTxQFH7A,2025-12-18 15:10:45
最新消息，深大这些人不用考期末考试了！『深大荔知』,https://mp.weixin.qq.com/s/ff2Vc_46lpWDlsE_KESpOg,2025-12-17 14:16:00
重磅！深大下学期校历公布！3月5日开学！暑假41天『深大荔知』,https://mp.weixin.qq.com/s/ezfnTPrGhdsxWZvH_i5-dA,2025-12-16 06:58:55
聊一聊：深大给每人发的这400块，你还剩多少？『深大荔知』,https://mp.weixin.qq.com/s/QyP3lO7VXrQ2EcghQkrdTQ,2025-12-15 14:42:00
深大最暖“荔枝快跑（彩色跑）”，今天没来的亏大啦！『深大荔知』,https://mp.weixin.qq.com/s/YrlaxVfKuMBydp73qtTUIw,2025-12-14 15:59:14
清华大学打起了雪仗！我们的深大会下雪吗...『深大荔知』,https://mp.weixin.qq.com/s/cAxMkY_giV1FxpG1QA8PBg,2025-12-13 15:58:00
深大本周末活动多到爆！附近期重要通知及温馨提示『深大荔知』,https://mp.weixin.qq.com/s/yUBdN8dh9ONZr7jhf6q-zg,2025-12-12 15:30:08
炒到800了！深大人发家致富好机会！『深大荔知』,https://mp.weixin.qq.com/s/zjPOh5ka_QLB2-2ALbJ5Sg,2025-12-11 08:33:40
重磅！深大期末考试安排公布！快看看你考到几号？『深大荔知』,https://mp.weixin.qq.com/s/l6naS4sv21NCxKIK6Bk_ag,2025-12-11 01:43:00
英语备考还在死磕四六级？试试用雅思“降维打击”，考点一网打尽！,https://mp.weixin.qq.com/s/qAtGFXQsMIkCS1-ko-u9Ag,2025-12-10 14:04:56
倒数第2！深大2026寒假天数又上榜了，是怎么回事？『深大荔知』,https://mp.weixin.qq.com/s/M7V5Ja7hZwDvkg0drJbS9w,2025-12-09 14:42:09
深大人最新兼职汇总 | 251208,https://mp.weixin.qq.com/s/1320m8agoQI8QKkQX0Bqcw,2025-12-08 15:30:32
深大期末考试提醒：2学分校外MOOC课程线下期末考试『深大荔知』,https://mp.weixin.qq.com/s/CTWrSnyHBOaXnsnEvH60jw,2025-12-08 08:17:46
聊一聊：2025年即将结束，深大人敢不敢用3一句话总结2025？『深大荔知』,https://mp.weixin.qq.com/s/2WVs3S-Gc3kbKhHaFiUU0A,2025-12-07 15:55:44
袁娅维要来深大啦！下周四，深大国会！『深大荔知』,https://mp.weixin.qq.com/s/WiZD8s7wRkbbj9X1zbw2WA,2025-12-06 06:08:56
深大期末考试倒计时30天！“这些考试干货，为什么不提前告诉我？！”『深大荔知』,https://mp.weixin.qq.com/s/9BDq4DDr-D48U4X_OHdt0w,2025-12-05 15:39:34
注意！深大这些人体测要测两次！大一到大三都有！『深大荔知』,https://mp.weixin.qq.com/s/zevvxmTU5ckhSozLPc1N3Q,2025-12-04 15:34:12
下周考试，深大四六级考试注意事项！“要带耳机吗？不去考能退费吗？”『深大荔知』,https://mp.weixin.qq.com/s/szKBTTqRhed0oS9gNqH-nw,2025-12-03 14:33:57
深大游泳池关闭，还有奖学金可申请，MOOC期末考试提醒『深大荔知』,https://mp.weixin.qq.com/s/uf3-oh3J7bA81xH0-Du3Yg,2025-12-02 11:53:12
深大人最新兼职汇总 | 251123,https://mp.weixin.qq.com/s/Z9_SLI6LX8K57994cEGY7A,2025-11-23 15:39:10
突击调查：深大人使用最多的交友软件是？『深大荔知』,https://mp.weixin.qq.com/s/wyA3KYkxJYKANzPLkINapQ,2025-11-21 15:58:09
恭喜！深大这些宿舍换新空调！运动场馆、设备又有换新！『深大荔知』,https://mp.weixin.qq.com/s/jxrc2ehos98-sI4mV1J1eg,2025-11-20 14:43:37
深大线下活动“猫鼠游戏”【丽湖专场】来啦，限量30人『深大荔知』,https://mp.weixin.qq.com/s/iLWEkD7u4DH_M0_DggX-Mw,2025-11-19 10:06:33
深大发布英语四六级口语考试通知！“模考非常重要，请准时参加！”『深大荔知』,https://mp.weixin.qq.com/s/2NY08Vg4uOiwuUL3moiNHg,2025-11-18 15:59:14
深大近期信息差,https://mp.weixin.qq.com/s/EdVgBaJwjsRcsOw8M2yCbA,2025-11-17 14:09:00
深大提醒：冷空气来袭，应急热水供应点启用『深大荔知』,https://mp.weixin.qq.com/s/QRyFOzKSxy0uUcjfcpVTlQ,2025-11-17 06:03:29
深大人最新兼职汇总 | 251116,https://mp.weixin.qq.com/s/D4TuNNavFxnoiFGQmMr_jg,2025-11-16 12:13:26
厉害了！深大要发射卫星！由 7 颗卫星组成“深大一号星座（SZU-1）”卫星网络『深大荔知』,https://mp.weixin.qq.com/s/Kbm6bx3bGcgpzM4VUL6Dtw,2025-11-15 15:59:12
恭喜！深大这些宿舍，换上了新家具/家电！『深大荔知』,https://mp.weixin.qq.com/s/mmhYHE42W9bi5or4TiXMvA,2025-11-14 15:59:09
[直播预告] 大学生美妆专场 | 手把手教你轻松变美！『深大荔知』,https://mp.weixin.qq.com/s/dSikbDZspuv4MuQoUVui9w,2025-11-13 15:59:02
深大线下活动“猫鼠大作战”来啦，限量30人『深大荔知』,https://mp.weixin.qq.com/s/N23O2otc504gEFrDotjQqw,2025-11-12 15:59:35
定了！下周开始扣费！深大学分学费批扣时间出炉！『深大荔知』,https://mp.weixin.qq.com/s/os9UUFfUzpyW-00VPrisug,2025-11-12 03:05:18
深大人，来“拼”~,https://mp.weixin.qq.com/s/9OmE0Gs0XqJDJdMUD4LYdQ,2025-11-11 15:59:16
2025年深大荔枝快跑（彩色跑）最新消息！开始收集服装数量尺码『深大荔知』,https://mp.weixin.qq.com/s/1GVYPoWAItQn4Sq-oaTMTg,2025-11-11 10:55:45
深大单身男女名单及联系方式 [ 2025光棍节最新版 ] .xls『深大荔知』,https://mp.weixin.qq.com/s/9IoUwO97jZvZs0lLqJLomQ,2025-11-10 15:53:44
深大单身注意：光棍节【愿望墙】最后一轮开启！分配对象，最后5天！『深大荔知』,https://mp.weixin.qq.com/s/GVas4xO94ascACNz7U7Ddw,2025-11-09 15:56:43
深大人光棍节愿望：“11月有很多电影上映，我们可以一起去看看电影吃吃饭”『深大荔知』,https://mp.weixin.qq.com/s/Mcb3jxLK-OjzzwiVl23Bdg,2025-11-08 14:53:45
荔 知 镓 教 最新 订单 汇总，深大人速来~,https://mp.weixin.qq.com/s/KgM3hU-_p8dXCH3zeJuKng,2025-11-07 13:32:52
定了！深大2025年校运会时间出炉！这两天！,https://mp.weixin.qq.com/s/Sze8_2ivo-lJt0FFzfR8Hg,2025-11-07 08:34:14
定了！深大2025年校运会时间出炉！这两天！,https://mp.weixin.qq.com/s/Sze8_2ivo-lJt0FFzfR8Hg,2025-11-07 08:34:14
深大又分配对象！限时3天！单身的深大人速领！『深大荔知』,https://mp.weixin.qq.com/s/FpTo1Xz3zOlQRSjpKO_QMw,2025-11-06 14:14:00
深圳家长注意：想找深大在校生当家教，一对一辅导？可以在这里找！『荔知家教』,https://mp.weixin.qq.com/s/GOCTI3xrj8KsFjKxZNZD7Q,2025-11-06 09:30:46
帮助100位深大人月入过万！深大在校生家教一对一辅导兼职这里找！『深大荔知』,https://mp.weixin.qq.com/s/ok2dGL3qTGsR8Ar6IM2QNg,2025-11-05 15:25:33
2025深大情感白皮书出炉！遇到喜欢的人，女生比男生更主动！『深大荔知』,https://mp.weixin.qq.com/s/R4_wOstj55N0PNrd9wEyWQ,2025-11-04 15:58:36
元旦放假3天！2026年放假安排出炉！,https://mp.weixin.qq.com/s/KWzWe3BlpHvv2wqgZP2tUg,2025-11-04 09:14:59
深大国家级普通话水平测试报名通知（2025年11月）『深大荔知』,https://mp.weixin.qq.com/s/CC8ZKbOmmncFuCS3iBN4RQ,2025-11-03 14:36:38
深大辅修专业/学士学位即将开始申请！这些细节规则要注意『深大荔知』,https://mp.weixin.qq.com/s/t2k4KIfGnHkcne16-2NYfg,2025-11-03 14:36:38
聊一聊：推荐一部你认为好看的电影/电视剧/综艺吧！『深大荔知』,https://mp.weixin.qq.com/s/CMDSVHiuPzZcZNfbEBUgpA,2025-11-02 15:36:44
11月第一天，深大人都在问这个问题『深大荔知』,https://mp.weixin.qq.com/s/doPz0TfXossQjM9yho13eA,2025-11-01 05:03:38
深大国家级普通话水平测试报名通知（2025年11月）『深大荔知』,https://mp.weixin.qq.com/s/CC8ZKbOmmncFuCS3iBN4RQ,2025-11-03 14:36:38
深大辅修专业/学士学位即将开始申请！这些细节规则要注意『深大荔知』,https://mp.weixin.qq.com/s/t2k4KIfGnHkcne16-2NYfg,2025-11-03 14:36:38
聊一聊：推荐一部你认为好看的电影/电视剧/综艺吧！『深大荔知』,https://mp.weixin.qq.com/s/CMDSVHiuPzZcZNfbEBUgpA,2025-11-02 15:36:44
11月第一天，深大人都在问这个问题『深大荔知』,https://mp.weixin.qq.com/s/doPz0TfXossQjM9yho13eA,2025-11-01 05:03:38
聊一聊：深大人万圣节，都COS了什么“鬼”？『深大荔知』,https://mp.weixin.qq.com/s/lSvL86aOV-2srDrZz9bkpQ,2025-10-31 17:01:44
十五运会深圳火炬手名单公布！深大校长第48棒！『深大荔知』,https://mp.weixin.qq.com/s/rNvOF8SulSj7NM15rxgqrA,2025-10-31 08:46:50
断网提醒！深大这些人即将断网啦！教你怎么提速校园网『深大荔知』,https://mp.weixin.qq.com/s/WxrpLXGcV2_XH_lGgdhFdg,2025-10-31 05:16:50
"深大愿望墙万圣节专场已经开抢
@深圳淘课 发送 许愿 参与",https://mp.weixin.qq.com/s/UCezwfK00jU4czKZGIjHbA,2025-10-30 16:45:33
深大单身男女名单及联系方式（2025万圣最新版）.xls『深大荔知』,https://mp.weixin.qq.com/s/u2ZpBqNXSmEydFvCGPWN-A,2025-10-29 16:50:22
深大分配对象啦！限时5天！速领！『深大荔知』,https://mp.weixin.qq.com/s/Du41CpTR30bLfJxlxjecHQ,2025-10-28 16:45:56
深大单身男女名单及联系方式（2025万圣最新版）.xls『深大荔知』,https://mp.weixin.qq.com/s/u2ZpBqNXSmEydFvCGPWN-A,2025-10-29 16:50:22
深大分配对象啦！限时5天！速领！『深大荔知』,https://mp.weixin.qq.com/s/Du41CpTR30bLfJxlxjecHQ,2025-10-28 16:45:56
深大彩色跑（粤海版）来啦，共两场！还有免费音乐剧！『深大荔知』,https://mp.weixin.qq.com/s/wTs-pI4BzVOHuvFA680PtA,2025-10-27 16:33:34
有想在万圣节脱单的吗？,https://mp.weixin.qq.com/s/9Pp60kyfk5Nu1uOZqUfwmw,2025-10-26 16:37:39
深圳正式入秋！深大人这份“入秋礼”，请先收下！『深大荔知』,https://mp.weixin.qq.com/s/hC7VrRHuFuZNPL6cHvZMHA,2025-10-24 10:06:00
聊一聊：深大人作息调查：你都是几点休息的？『深大荔知』,https://mp.weixin.qq.com/s/6dbncr9KrKcbiFbrf2Ot8g,2025-10-23 16:59:20
荔知家教推荐 | 深圳大学生做家教一对一辅导『深大荔知』,https://mp.weixin.qq.com/s/RxnkjSzVrWo_L5C4L2V1OQ,2025-10-23 08:55:17
深大桂庙老店霸王餐来啦！天冷了，吃顿热乎的！『深大荔知』,https://mp.weixin.qq.com/s/YWB0mBG8PYiXUFlWSyYHAA,2025-10-22 09:31:00
【资助工作】深大2025年本科生助学金、国家励志奖学金评选『深大荔知』,https://mp.weixin.qq.com/s/vacNQ1L9oWMT41rFQdd7CA,2025-10-21 17:02:47
假如深大有秋天……,https://mp.weixin.qq.com/s/2UCThwmcuO5pi3aNCtVKCQ,2025-10-21 16:45:17
假如深大有秋天……,https://mp.weixin.qq.com/s/2UCThwmcuO5pi3aNCtVKCQ,2025-10-21 16:45:17
深大宿舍楼下的那些情侣，注意了！『深大荔知』,https://mp.weixin.qq.com/s/EBbqTmRI5T8GipU06RyVgQ,2025-10-20 10:51:50
聊一聊：明星都在说深大桂庙，桂庙究竟是啥？『深大荔知』,https://mp.weixin.qq.com/s/C-QadInsz1HNn2mA_HpL9A,2025-10-19 16:59:36
深大人，敢不敢来线下“对喷”？『深大荔知』,https://mp.weixin.qq.com/s/OJCkNljY0HCobgWc-F5o4g,2025-10-18 16:59:23
张颂文要来深大啦！就在本周日！,https://mp.weixin.qq.com/s/UHobIWcttvVPKO85MT4wTw,2025-10-17 16:58:35
深大彩色跑丽湖版、真人CS来啦，就在本周六『深大荔知』,https://mp.weixin.qq.com/s/i5KFTka84s6XPkH3QGXFaQ,2025-10-16 16:06:19
零经验入行名企！深大3个月人才委培计划：不限专业，持证直通BIP岗位『深大荔知』,https://mp.weixin.qq.com/s/-rfUye-FfJE66S46sb2QAA,2025-10-15 10:35:33
@全体SZUer，你的霜降礼物已到位，点击抽取！,https://mp.weixin.qq.com/s/mpn5pJR6NH_R3aYj3Ow92g,2025-10-14 10:41:55
深大人注意，近期请保持帅气漂亮！『深大荔知』,https://mp.weixin.qq.com/s/FoqYiqD0yNVNwJBiZQkMTg,2025-10-13 16:42:51
深圳家长注意，想找深圳大学生做家教一对一辅导？看这里！『深大荔知』,https://mp.weixin.qq.com/s/phLoc2ApGp8swBWhS-tlIQ,2025-10-12 16:58:59
聊一聊：突击检查，假期第一天，深大人都到哪了？『深大荔知』,https://mp.weixin.qq.com/s/9mgL9F1kQS9fWphyK7qERw,2025-10-01 16:54:17
深大国庆中秋通知安排汇总，看完再放假！『深大荔知』,https://mp.weixin.qq.com/s/8RLfWRHKksq-1UgMTsC6RQ,2025-09-30 10:49:48
深大人注意！不想断网？放假前记得把这件事做了！『深大荔知』,https://mp.weixin.qq.com/s/o_v0oz2v8BMjLMbAtkcO4Q,2025-09-30 04:23:30
深大人注意！这些人即将断网啦！『深大荔知』,https://mp.weixin.qq.com/s/MA3ey55ckGqenTnIIANfVw,2025-09-29 10:33:50
聊一聊：深大人国庆中秋8天假，准备去哪里玩？『深大荔知』,https://mp.weixin.qq.com/s/mUeporsYawKOZ0afvm_yuQ,2025-09-28 15:21:57
祝深大42岁生日快乐！（深大校友返校活动最新汇总）『深大荔知』,https://mp.weixin.qq.com/s/ZtTpVz6QS8L2dNMQvJ5A9A,2025-09-26 15:52:49
深圳大学建校42周年校友返校文艺晚会【领票及入场】节目单提示『深大荔知』,https://mp.weixin.qq.com/s/eu0l99Dfu6M6LvS-tUdwew,2025-09-26 06:41:02
【选修指南】深大创新创业指导选修课程『深大荔知』,https://mp.weixin.qq.com/s/MolkxG5Cexkh9CUDT6XVlA,2025-09-26 03:01:39
即将爆满！深大新生正式开始上课，这门课别忘了选！『深大荔知』,https://mp.weixin.qq.com/s/b4RNM-uV-ah46qUcCU--Bw,2025-09-25 10:20:27
恢复！深大图书馆恢复开放 汇典楼 启明楼 部分区域『深大荔知』,https://mp.weixin.qq.com/s/DFPW73PEZG40Tc66Y8o6qg,2025-09-24 10:56:54
恢复！深大图书馆恢复开放 汇典楼 启明楼 部分区域『深大荔知』,https://mp.weixin.qq.com/s/DFPW73PEZG40Tc66Y8o6qg,2025-09-24 10:56:54
深大好声音(第2季)，深大人一起来唱歌吧！深大线上K歌活动『深大荔知』,https://mp.weixin.qq.com/s/NqLndaiVoGn1oPBYxP1akQ,2025-09-24 10:36:39
【资助工作】深大开通台风灾害专项补助通道『深大荔知』,https://mp.weixin.qq.com/s/q4mJi0SuaRNAWQikAb7l5g,2025-09-24 08:11:49
寻找深大好声音，台风天一起来唱歌/听歌吧！深大线上K歌活动来啦『深大荔知』,https://mp.weixin.qq.com/s/SqatmniKo5W1y-oEyNaMsg,2025-09-23 13:38:31
深大紧急通知：停课、停工！图书馆紧急闭馆！深圳实施“五停”『深大荔知』,https://mp.weixin.qq.com/s/Cz4PWY86n0ATawSNJVt8tg,2025-09-23 04:17:54
深大通知：做好停课、线上教学的准备！『深大荔知』,https://mp.weixin.qq.com/s/7LZLswaQtyaDbPSsaH_6Xg,2025-09-22 12:38:26
深圳停课：严格执行停课指令！深大的消息还会远吗？『深大荔知』,https://mp.weixin.qq.com/s/zqDKvM3zM_0O8ROnVldoww,2025-09-22 09:07:47
深大人，领月饼啦！（第二轮）,https://mp.weixin.qq.com/s/CFwE6tC0F-bB6Xz02ouvow,2025-09-22 05:57:15
深大通知：请提前储备应急物资，台风期间减少外出！超强台风“桦加沙”即将来袭！『深大荔知』,https://mp.weixin.qq.com/s/ven8hBN5OgLkZw5WpRLx2A,2025-09-21 15:33:42
换宿舍的注意！深大住宿管理系统操作指南来啦！『深大荔知』,https://mp.weixin.qq.com/s/4yej19FG_WhKwKsPAnlYsA,2025-09-21 14:57:13
换宿舍的注意！深大住宿管理系统操作指南来啦！『深大荔知』,https://mp.weixin.qq.com/s/4yej19FG_WhKwKsPAnlYsA,2025-09-21 14:57:13
深大2025级新生本科教材发放通知出炉，附：【闲置群】淘二手书『深大荔知』,https://mp.weixin.qq.com/s/WvEoMjTR4BXKs3eVW96IkA,2025-09-21 06:20:54
深大校友记得返校！深大42周年校友返校文艺晚会，有明星到场！『深大荔知』,https://mp.weixin.qq.com/s/QqQ1qE41UDBuOaHOtgwLsA,2025-09-20 06:25:52
深大版“肖申克的救赎”？原因居然是这个！『深大荔知』,https://mp.weixin.qq.com/s/GYzokzAD9rAN8GTXniu-ow,2025-09-18 16:56:12
深大新生军训倒计时4天，第17号台风即将生成，后天又有暴雨！『深大荔知』,https://mp.weixin.qq.com/s/of5OrQf69YYbyyOtXmH1vQ,2025-09-17 16:59:24
【医保办理】深大在校大学生医保工作通知（2025-2026学年度）『深大荔知』,https://mp.weixin.qq.com/s/RtasL92IwhDtdr54SFqGKA,2025-09-16 08:46:20
或影响领钱！深大提醒这些新生进行校园卡与银行卡账号绑定『深大荔知』,https://mp.weixin.qq.com/s/xcIEHk2j3GhusmlZdmI5mw,2025-09-16 08:08:18
深大在校生如何月入过万？家教兼职了解一下！『深大荔知』,https://mp.weixin.qq.com/s/UCst9wmPnp_SSKJ3c9IzZw,2025-09-15 15:06:40
定了！深大2025国庆节、中秋节放假调课安排！补周二周三的课『深大荔知』,https://mp.weixin.qq.com/s/R9715VTs5gYDD_ajIDL6lw,2025-09-15 05:51:33
深大人注意，2025国庆节车票购票提醒！,https://mp.weixin.qq.com/s/p7OSlwMrMqYhXP8f462R2A,2025-09-14 16:18:27
深大人注意，2025国庆节车票购票提醒！,https://mp.weixin.qq.com/s/p7OSlwMrMqYhXP8f462R2A,2025-09-14 16:18:27
停水通知！深大这些宿舍今晚凌晨临时停水『深大荔知』,https://mp.weixin.qq.com/s/fhUKszZcmdNHZmQVOVTTtQ,2025-09-13 08:33:42
放假8天！深大2025年国庆节、中秋节放假安排出炉『深大荔知』,https://mp.weixin.qq.com/s/3k5s4N4k-y2p8RDPyksx7w,2025-09-12 11:40:55
明天13:00开抢！深大英语四六级考试报名的通知『深大荔知』,https://mp.weixin.qq.com/s/BvsGdXGeKF97-cERZRajmw,2025-09-11 15:03:00
深大2025体质测试通知出炉！10月开始，全体本科生都要测！『深大荔知』,https://mp.weixin.qq.com/s/qzNgKwp2H8reLzfwP-_cPw,2025-09-11 04:47:06
劲爆消息，19.8元深圳直达往返珠海，车票不限量，天天发车！『深大荔知』,https://mp.weixin.qq.com/s/q2FyS9cDRnpjq9MirIYV-g,2025-09-10 05:02:49
“你们脚下的土地叫深大！”  深大2025级新生开学典礼来啦！『深大荔知』,https://mp.weixin.qq.com/s/TnsF5HbjXDaen3wBl-VfXg,2025-09-09 16:56:38
深圳大学2025年新生开学典礼『深大荔知』,https://mp.weixin.qq.com/s/kM1VdO3G8zRbbqiJR3YkcA,2025-09-09 06:26:44
2025级深大新生大学英语实验课程选课及修读须知『深大荔知』,https://mp.weixin.qq.com/s/FlZy9m6sA5Vr8R_YR5EUGw,2025-09-08 16:56:10
2025级深大新生MOOC课程选课学习的通知『深大荔知』,https://mp.weixin.qq.com/s/_rtxEiAb_fLNJoGPthu-iw,2025-09-08 16:56:10
深圳大学2025年新生开学典礼『深大荔知』,https://mp.weixin.qq.com/s/kM1VdO3G8zRbbqiJR3YkcA,2025-09-09 06:26:44
2025级深大新生大学英语实验课程选课及修读须知『深大荔知』,https://mp.weixin.qq.com/s/FlZy9m6sA5Vr8R_YR5EUGw,2025-09-08 16:56:10
2025级深大新生MOOC课程选课学习的通知『深大荔知』,https://mp.weixin.qq.com/s/_rtxEiAb_fLNJoGPthu-iw,2025-09-08 16:56:10
深大老生都被问怕了！新生究竟怎么选课啊？『深大荔知』,https://mp.weixin.qq.com/s/U3hGygO1CRib54feCnRT9w,2025-09-08 16:56:10
集合，带好雨具！深大关于组织军训集合编队的通知『深大荔知』,https://mp.weixin.qq.com/s/p-BukOiKuWqJHM1BBP5vuQ,2025-09-08 06:21:16
深大关于调整军训集合相关安排的通知『深大荔知』,https://mp.weixin.qq.com/s/0PIEP2qdG-5RnphsUthLxw,2025-09-08 01:00:59
深圳明天全天停课！深大会停课吗？军训怎么办？『深大荔知』,https://mp.weixin.qq.com/s/ywV2aKbA7Ic-H9kh2JgdqQ,2025-09-07 14:00:45
深大新生即将开始选课，这门重要的课别忘了提前选！『深大荔知』,https://mp.weixin.qq.com/s/7pYKRcYRQ3O55tIkZlTq3w,2025-09-06 09:53:13
